fg_pct_home,fg3_pct_home,fta_home,oreb_home,dreb_home,stl_home,blk_home,tov_home,pf_home,location,date,opponent,prediction,actual,win_prob,correct,fg_pct_away,fg3_pct_away,fta_away,oreb_away,dreb_away,stl_away,blk_away,tov_away,pf_away
0.543,0.429,27.0,3.0,26.0,6.0,6.0,15.0,20.0,home,,,True,True,0.5640820277092551,True,,,,,,,,,
0.412,0.417,17.0,9.0,42.0,3.0,6.0,11.0,16.0,home,,,True,True,0.8387030678826491,True,,,,,,,,,
0.42,0.324,21.0,10.0,32.0,10.0,5.0,16.0,13.0,home,,,True,False,0.6674019847640573,False,,,,,,,,,
0.357,0.29,25.0,9.0,40.0,6.0,5.0,13.0,26.0,home,,,True,True,0.6813626878716021,True,,,,,,,,,
0.485,0.2,34.0,11.0,18.0,6.0,7.0,14.0,25.0,home,,,False,False,0.13555530092770565,True,,,,,,,,,
0.341,0.31,18.0,11.0,43.0,7.0,6.0,17.0,12.0,home,,,True,True,0.7929359699875457,True,,,,,,,,,
0.483,0.513,15.0,10.0,35.0,3.0,6.0,18.0,21.0,home,,,True,False,0.5556578744584545,False,,,,,,,,,
0.5,0.714,31.0,5.0,19.0,8.0,1.0,10.0,22.0,home,,,True,True,0.6505429673974576,True,,,,,,,,,
0.488,0.357,44.0,13.0,28.0,8.0,3.0,11.0,36.0,home,,,True,True,0.7301435736090474,True,,,,,,,,,
0.437,0.273,21.0,19.0,30.0,4.0,5.0,22.0,27.0,home,,,False,False,0.12372650889457579,True,,,,,,,,,
0.539,0.4,14.0,4.0,32.0,6.0,2.0,16.0,17.0,home,,,False,True,0.4981381781814909,False,,,,,,,,,
0.392,0.303,32.0,15.0,35.0,10.0,9.0,8.0,16.0,home,,,True,False,0.9417629971985388,False,,,,,,,,,
0.347,0.095,11.0,21.0,29.0,8.0,8.0,8.0,16.0,home,,,False,False,0.25724790978696266,True,,,,,,,,,
0.426,0.333,19.0,12.0,40.0,7.0,7.0,14.0,19.0,home,,,True,True,0.831691370828603,True,,,,,,,,,
0.429,0.381,29.0,7.0,31.0,9.0,8.0,22.0,16.0,home,,,True,True,0.647980204334745,True,,,,,,,,,
0.468,0.333,34.0,11.0,33.0,5.0,2.0,13.0,16.0,home,,,True,True,0.7350690307994002,True,,,,,,,,,
0.542,0.37,30.0,8.0,37.0,7.0,7.0,18.0,21.0,home,,,True,True,0.8875165461979144,True,,,,,,,,,
0.523,0.415,12.0,11.0,39.0,9.0,7.0,15.0,22.0,home,,,True,True,0.8820181002282323,True,,,,,,,,,
0.322,0.281,14.0,12.0,29.0,6.0,6.0,10.0,11.0,home,,,False,False,0.2848146224810927,True,,,,,,,,,
0.494,0.414,17.0,10.0,30.0,4.0,5.0,14.0,21.0,home,,,False,True,0.4162988585475032,False,,,,,,,,,
0.533,0.429,21.0,7.0,31.0,7.0,10.0,17.0,19.0,home,,,True,True,0.7530102099103902,True,,,,,,,,,
0.532,0.368,18.0,12.0,21.0,7.0,3.0,15.0,17.0,home,,,False,True,0.21665816918965644,False,,,,,,,,,
0.286,0.235,26.0,8.0,30.0,10.0,1.0,7.0,17.0,home,,,False,False,0.46414473042156107,True,,,,,,,,,
0.516,0.48,37.0,7.0,38.0,11.0,5.0,19.0,21.0,home,,,True,True,0.9681202019098624,True,,,,,,,,,
0.443,0.381,26.0,12.0,39.0,11.0,3.0,28.0,28.0,home,,,True,True,0.6664131613998089,True,,,,,,,,,
0.512,0.447,22.0,10.0,42.0,5.0,9.0,17.0,20.0,home,,,True,True,0.9270198690433054,True,,,,,,,,,
0.468,0.286,23.0,3.0,28.0,7.0,10.0,12.0,25.0,home,,,False,False,0.4818536259775797,True,,,,,,,,,
0.622,0.438,28.0,8.0,28.0,8.0,6.0,13.0,25.0,home,,,True,True,0.8315587886197751,True,,,,,,,,,
0.536,0.346,21.0,11.0,31.0,9.0,4.0,15.0,23.0,home,,,True,True,0.6685422108981754,True,,,,,,,,,
0.299,0.364,19.0,11.0,29.0,6.0,1.0,14.0,22.0,home,,,False,False,0.14467043603386298,True,,,,,,,,,
0.393,0.333,32.0,14.0,28.0,8.0,2.0,12.0,18.0,home,,,True,False,0.5516641935325622,False,,,,,,,,,
0.364,0.5,40.0,13.0,21.0,7.0,3.0,8.0,17.0,home,,,True,False,0.5980397027390317,False,,,,,,,,,
0.443,0.462,42.0,8.0,38.0,12.0,4.0,22.0,26.0,home,,,True,True,0.9423131974223403,True,,,,,,,,,
0.438,0.4,21.0,7.0,41.0,5.0,5.0,8.0,18.0,home,,,True,True,0.9070956640307891,True,,,,,,,,,
0.548,0.417,22.0,6.0,32.0,20.0,1.0,9.0,22.0,home,,,True,True,0.9740028241861192,True,,,,,,,,,
0.453,0.35,20.0,6.0,28.0,8.0,5.0,16.0,28.0,home,,,False,False,0.2981997482148539,True,,,,,,,,,
0.483,0.333,60.0,12.0,32.0,7.0,2.0,26.0,32.0,home,,,True,True,0.7129211573698071,True,,,,,,,,,
0.519,0.485,21.0,5.0,31.0,2.0,4.0,17.0,23.0,home,,,False,False,0.399167403411866,True,,,,,,,,,
0.447,0.345,15.0,12.0,32.0,10.0,5.0,15.0,13.0,home,,,True,True,0.6679735935878719,True,,,,,,,,,
0.425,0.176,22.0,4.0,40.0,10.0,6.0,15.0,22.0,home,,,True,True,0.7716631004239362,True,,,,,,,,,
0.549,0.6,24.0,6.0,35.0,2.0,5.0,12.0,28.0,home,,,True,True,0.8192818127345394,True,,,,,,,,,
0.44,0.333,29.0,11.0,36.0,6.0,13.0,9.0,18.0,home,,,True,True,0.9270886520434489,True,,,,,,,,,
0.396,0.389,23.0,10.0,23.0,8.0,7.0,6.0,23.0,home,,,False,False,0.4534154730754442,True,,,,,,,,,
0.392,0.294,43.0,14.0,41.0,7.0,6.0,16.0,30.0,home,,,True,True,0.8971229718656722,True,,,,,,,,,
0.407,0.212,29.0,8.0,30.0,6.0,4.0,13.0,18.0,home,,,False,False,0.38938067181601377,True,,,,,,,,,
0.414,0.571,31.0,12.0,28.0,11.0,3.0,12.0,27.0,home,,,True,False,0.8104890205337689,False,,,,,,,,,
0.471,0.333,17.0,13.0,32.0,6.0,1.0,16.0,23.0,home,,,False,False,0.32839108485332386,True,,,,,,,,,
0.481,0.333,27.0,10.0,36.0,10.0,6.0,15.0,24.0,home,,,True,True,0.8642693037336617,True,,,,,,,,,
0.374,0.286,23.0,15.0,33.0,12.0,2.0,11.0,23.0,home,,,True,False,0.6895798261299696,False,,,,,,,,,
0.443,0.364,15.0,9.0,24.0,6.0,2.0,15.0,17.0,home,,,False,False,0.13727243564149086,True,,,,,,,,,
0.456,0.333,43.0,12.0,43.0,9.0,9.0,21.0,26.0,home,,,True,True,0.9651105260429469,True,,,,,,,,,
0.506,0.414,20.0,7.0,33.0,7.0,7.0,17.0,20.0,home,,,True,True,0.7006003787910577,True,,,,,,,,,
0.519,0.478,13.0,7.0,30.0,7.0,3.0,20.0,16.0,home,,,False,True,0.4378603541755723,False,,,,,,,,,
0.505,0.321,26.0,10.0,42.0,7.0,2.0,13.0,20.0,home,,,True,True,0.9150379033372762,True,,,,,,,,,
0.577,0.444,34.0,10.0,37.0,11.0,7.0,22.0,19.0,home,,,True,True,0.9637365928065812,True,,,,,,,,,
0.443,0.357,23.0,6.0,31.0,9.0,6.0,11.0,25.0,home,,,True,False,0.6766753724213568,False,,,,,,,,,
0.475,0.464,36.0,6.0,33.0,13.0,4.0,24.0,18.0,home,,,True,True,0.8880062057934373,True,,,,,,,,,
0.438,0.357,16.0,12.0,35.0,6.0,3.0,14.0,23.0,home,,,True,True,0.5007106101209909,True,,,,,,,,,
0.447,0.364,24.0,3.0,37.0,7.0,4.0,16.0,26.0,home,,,True,True,0.6717530386125342,True,,,,,,,,,
0.329,0.219,38.0,7.0,45.0,8.0,5.0,15.0,15.0,home,,,True,True,0.9309629716799659,True,,,,,,,,,
0.389,0.217,12.0,12.0,34.0,12.0,1.0,8.0,15.0,home,,,True,False,0.6466474837815624,False,,,,,,,,,
0.44,0.2,27.0,6.0,39.0,6.0,2.0,14.0,20.0,home,,,True,False,0.6657650962144688,False,,,,,,,,,
0.435,0.296,14.0,11.0,33.0,6.0,9.0,15.0,18.0,home,,,False,False,0.4789682148725406,True,,,,,,,,,
0.488,0.5,23.0,14.0,29.0,6.0,4.0,9.0,12.0,home,,,True,True,0.811801513279387,True,,,,,,,,,
0.402,0.333,11.0,6.0,38.0,14.0,7.0,15.0,18.0,home,,,True,True,0.8493904298315819,True,,,,,,,,,
0.426,0.233,24.0,22.0,25.0,14.0,1.0,13.0,20.0,home,,,False,True,0.47917347673828364,False,,,,,,,,,
0.493,0.483,27.0,5.0,36.0,11.0,7.0,14.0,24.0,home,,,True,True,0.9447522790436123,True,,,,,,,,,
0.422,0.323,26.0,16.0,27.0,12.0,4.0,7.0,21.0,home,,,True,True,0.752461137491064,True,,,,,,,,,
0.429,0.273,9.0,12.0,28.0,8.0,3.0,11.0,25.0,home,,,False,False,0.19019468474946444,True,,,,,,,,,
0.39,0.214,13.0,10.0,30.0,6.0,4.0,15.0,13.0,home,,,False,False,0.18141326177687933,True,,,,,,,,,
0.479,0.333,14.0,11.0,31.0,12.0,3.0,13.0,22.0,home,,,True,True,0.6391787112544045,True,,,,,,,,,
0.453,0.286,30.0,7.0,29.0,8.0,6.0,22.0,21.0,home,,,False,False,0.37568912414336786,True,,,,,,,,,
0.507,0.533,30.0,11.0,31.0,8.0,3.0,17.0,21.0,home,,,True,True,0.8159040258126633,True,,,,,,,,,
0.423,0.333,33.0,13.0,28.0,6.0,8.0,19.0,16.0,home,,,False,True,0.49503443367341954,False,,,,,,,,,
0.43,0.476,24.0,10.0,29.0,13.0,5.0,12.0,21.0,home,,,True,True,0.840982260813635,True,,,,,,,,,
0.364,0.357,22.0,7.0,48.0,8.0,2.0,20.0,20.0,home,,,True,True,0.8652750517213296,True,,,,,,,,,
0.493,0.5,28.0,11.0,31.0,11.0,4.0,13.0,18.0,home,,,True,True,0.9112512546599647,True,,,,,,,,,
0.516,0.344,16.0,12.0,36.0,10.0,3.0,18.0,27.0,home,,,True,True,0.6730098511188193,True,,,,,,,,,
0.568,0.455,24.0,8.0,27.0,11.0,1.0,19.0,24.0,home,,,True,True,0.6093549783129372,True,,,,,,,,,
0.571,0.409,21.0,9.0,52.0,4.0,11.0,15.0,18.0,home,,,True,True,0.9905099853853108,True,,,,,,,,,
0.521,0.421,24.0,6.0,32.0,7.0,5.0,14.0,24.0,home,,,True,True,0.7277588502604565,True,,,,,,,,,
0.512,0.588,31.0,15.0,31.0,7.0,4.0,16.0,28.0,home,,,True,True,0.8275642080828646,True,,,,,,,,,
0.388,0.13,37.0,11.0,34.0,2.0,3.0,14.0,33.0,home,,,False,False,0.2185001706914466,True,,,,,,,,,
0.423,0.313,21.0,11.0,31.0,7.0,1.0,8.0,20.0,home,,,True,True,0.5276211411779234,True,,,,,,,,,
0.43,0.333,29.0,7.0,35.0,8.0,8.0,16.0,26.0,home,,,True,True,0.7456604181989102,True,,,,,,,,,
0.486,0.333,27.0,14.0,32.0,6.0,4.0,26.0,29.0,home,,,False,True,0.2679223361618276,False,,,,,,,,,
0.486,0.286,22.0,11.0,26.0,12.0,6.0,20.0,23.0,home,,,False,True,0.397443159152592,False,,,,,,,,,
0.372,0.278,18.0,13.0,32.0,6.0,6.0,13.0,13.0,home,,,False,False,0.43667966825148496,True,,,,,,,,,
0.483,0.371,24.0,15.0,32.0,7.0,7.0,12.0,17.0,home,,,True,True,0.8026989942692735,True,,,,,,,,,
0.406,0.263,37.0,10.0,33.0,8.0,4.0,17.0,25.0,home,,,True,False,0.6087344608870913,False,,,,,,,,,
0.478,0.294,32.0,10.0,25.0,9.0,3.0,19.0,27.0,home,,,False,False,0.29324923950856885,True,,,,,,,,,
0.494,0.458,27.0,11.0,29.0,7.0,4.0,15.0,23.0,home,,,True,True,0.6438710893102209,True,,,,,,,,,
0.475,0.267,41.0,9.0,33.0,9.0,2.0,11.0,20.0,home,,,True,True,0.8761650919731468,True,,,,,,,,,
0.479,0.27,29.0,10.0,36.0,15.0,7.0,14.0,20.0,home,,,True,True,0.9523677166927403,True,,,,,,,,,
0.5,0.286,25.0,11.0,39.0,5.0,6.0,17.0,18.0,home,,,True,True,0.7892268378679971,True,,,,,,,,,
0.471,0.438,17.0,10.0,29.0,10.0,4.0,12.0,24.0,home,,,True,True,0.6297906118112206,True,,,,,,,,,
0.463,0.259,25.0,11.0,31.0,9.0,5.0,18.0,23.0,home,,,False,False,0.4851529649257938,True,,,,,,,,,
0.42,0.467,23.0,4.0,33.0,12.0,0.0,20.0,17.0,home,,,True,False,0.6915064581465036,False,,,,,,,,,
0.46,0.188,28.0,18.0,34.0,5.0,5.0,14.0,15.0,home,,,True,True,0.6197001920243608,True,,,,,,,,,
0.459,0.333,19.0,11.0,16.0,5.0,3.0,15.0,29.0,home,,,False,False,0.027123132471929667,True,,,,,,,,,
0.42,0.28,23.0,13.0,37.0,7.0,7.0,16.0,16.0,home,,,True,False,0.737790476252152,False,,,,,,,,,
0.519,0.429,22.0,11.0,26.0,4.0,3.0,15.0,22.0,home,,,False,False,0.31006340757712286,True,,,,,,,,,
0.447,0.286,25.0,14.0,33.0,5.0,5.0,18.0,16.0,home,,,False,True,0.48324327899028546,False,,,,,,,,,
0.446,0.324,29.0,3.0,41.0,7.0,4.0,14.0,16.0,home,,,True,True,0.9004697058016945,True,,,,,,,,,
0.416,0.379,24.0,8.0,26.0,12.0,2.0,11.0,22.0,home,,,True,False,0.5598775583333437,False,,,,,,,,,
0.513,0.45,25.0,7.0,34.0,6.0,4.0,10.0,27.0,home,,,True,True,0.8142002609850937,True,,,,,,,,,
0.465,0.25,31.0,10.0,32.0,15.0,7.0,14.0,28.0,home,,,True,True,0.8713791455596396,True,,,,,,,,,
0.474,0.548,19.0,14.0,18.0,10.0,3.0,21.0,22.0,home,,,False,False,0.16882370901420818,True,,,,,,,,,
0.55,0.471,26.0,10.0,28.0,2.0,5.0,14.0,23.0,home,,,True,True,0.5023567081104161,True,,,,,,,,,
0.477,0.367,20.0,5.0,40.0,9.0,2.0,11.0,20.0,home,,,True,True,0.8973927355429767,True,,,,,,,,,
0.467,0.143,28.0,11.0,24.0,3.0,1.0,12.0,27.0,home,,,False,False,0.07330903888504435,True,,,,,,,,,
0.426,0.286,18.0,8.0,35.0,5.0,2.0,23.0,20.0,home,,,False,True,0.20321394872476373,False,,,,,,,,,
0.481,0.333,23.0,12.0,26.0,7.0,7.0,14.0,27.0,home,,,False,True,0.36377866093503236,False,,,,,,,,,
0.523,0.438,16.0,10.0,47.0,2.0,9.0,13.0,24.0,home,,,True,True,0.9380684676437995,True,,,,,,,,,
0.391,0.294,25.0,9.0,31.0,9.0,7.0,18.0,20.0,home,,,False,False,0.4850825560456691,True,,,,,,,,,
0.438,0.444,34.0,10.0,27.0,10.0,2.0,16.0,23.0,home,,,True,True,0.6351381255774877,True,,,,,,,,,
0.453,0.364,32.0,2.0,33.0,9.0,4.0,17.0,17.0,home,,,True,False,0.7753080157281215,False,,,,,,,,,
0.462,0.375,25.0,7.0,36.0,9.0,1.0,14.0,21.0,home,,,True,True,0.7924469512198844,True,,,,,,,,,
0.466,0.545,28.0,7.0,36.0,12.0,3.0,9.0,20.0,home,,,True,True,0.9720877863851298,True,,,,,,,,,
0.522,0.438,19.0,5.0,25.0,4.0,6.0,11.0,18.0,home,,,False,True,0.4161083752697676,False,,,,,,,,,
0.486,0.526,26.0,9.0,28.0,7.0,11.0,14.0,20.0,home,,,True,False,0.8073462451367152,False,,,,,,,,,
0.494,0.313,16.0,11.0,34.0,5.0,4.0,14.0,16.0,home,,,True,False,0.5485072118884224,False,,,,,,,,,
0.42,0.308,20.0,9.0,36.0,9.0,3.0,11.0,21.0,home,,,True,True,0.734136052962485,True,,,,,,,,,
0.415,0.423,27.0,11.0,34.0,8.0,5.0,15.0,21.0,home,,,True,True,0.7663912946597647,True,,,,,,,,,
0.432,0.4,32.0,6.0,38.0,9.0,3.0,18.0,27.0,home,,,True,False,0.8217437007047755,False,,,,,,,,,
0.402,0.273,29.0,12.0,30.0,7.0,2.0,13.0,30.0,home,,,False,False,0.3307425343166165,True,,,,,,,,,
0.373,0.241,30.0,9.0,30.0,14.0,5.0,11.0,19.0,home,,,True,True,0.7793869884343846,True,,,,,,,,,
0.446,0.415,21.0,5.0,40.0,4.0,4.0,10.0,20.0,home,,,True,True,0.8341694770147615,True,,,,,,,,,
0.557,0.313,22.0,6.0,31.0,11.0,5.0,13.0,16.0,home,,,True,True,0.8391856602609594,True,,,,,,,,,
0.386,0.278,22.0,14.0,26.0,9.0,7.0,14.0,24.0,home,,,False,False,0.2926401446098826,True,,,,,,,,,
0.495,0.444,7.0,17.0,50.0,6.0,6.0,11.0,12.0,home,,,True,True,0.9789653121897824,True,,,,,,,,,
0.453,0.227,37.0,13.0,31.0,6.0,8.0,18.0,22.0,home,,,True,True,0.5775806250959439,True,,,,,,,,,
0.362,0.296,17.0,18.0,41.0,7.0,5.0,13.0,23.0,home,,,True,False,0.7198183475878498,False,,,,,,,,,
0.512,0.389,17.0,6.0,36.0,9.0,5.0,19.0,21.0,home,,,True,True,0.7344346682962855,True,,,,,,,,,
0.362,0.333,32.0,9.0,31.0,6.0,4.0,18.0,19.0,home,,,False,False,0.4012921075042297,True,,,,,,,,,
0.5,0.318,23.0,12.0,29.0,8.0,7.0,13.0,23.0,home,,,True,True,0.6152233860037001,True,,,,,,,,,
0.429,0.455,29.0,12.0,25.0,6.0,3.0,9.0,25.0,home,,,False,True,0.4776493061705012,False,,,,,,,,,
0.444,0.346,20.0,14.0,35.0,7.0,2.0,19.0,18.0,home,,,True,True,0.5213991866606692,True,,,,,,,,,
0.522,0.333,31.0,5.0,30.0,17.0,1.0,16.0,23.0,home,,,True,True,0.88297779986732,True,,,,,,,,,
0.478,0.375,21.0,8.0,38.0,9.0,5.0,6.0,18.0,home,,,True,True,0.9457890581999624,True,,,,,,,,,
0.392,0.438,33.0,16.0,40.0,5.0,9.0,22.0,21.0,home,,,True,False,0.8438420028080508,False,,,,,,,,,
0.456,0.5,18.0,10.0,32.0,7.0,6.0,18.0,29.0,home,,,True,False,0.514457143480703,False,,,,,,,,,
0.453,0.222,18.0,7.0,39.0,9.0,2.0,10.0,23.0,home,,,True,True,0.7551207085756854,True,,,,,,,,,
0.422,0.36,19.0,14.0,26.0,9.0,4.0,13.0,27.0,home,,,False,False,0.30509798319094283,True,,,,,,,,,
0.414,0.361,16.0,11.0,41.0,6.0,5.0,19.0,24.0,home,,,True,True,0.6219398661298445,True,,,,,,,,,
0.463,0.2,27.0,3.0,26.0,8.0,7.0,17.0,26.0,home,,,False,False,0.23269743785570352,True,,,,,,,,,
0.405,0.241,17.0,3.0,28.0,7.0,5.0,19.0,20.0,home,,,False,False,0.12313090178474854,True,,,,,,,,,
0.451,0.368,21.0,9.0,42.0,7.0,4.0,14.0,23.0,home,,,True,True,0.8648107170378199,True,,,,,,,,,
0.471,0.469,24.0,7.0,31.0,9.0,7.0,13.0,27.0,home,,,True,True,0.776250091526305,True,,,,,,,,,
0.435,0.3,30.0,9.0,32.0,13.0,2.0,15.0,21.0,home,,,True,True,0.7788628741948119,True,,,,,,,,,
0.365,0.071,21.0,9.0,28.0,5.0,2.0,13.0,19.0,home,,,False,False,0.07398005918449897,True,,,,,,,,,
0.359,0.407,15.0,11.0,32.0,5.0,3.0,11.0,19.0,home,,,False,False,0.3676548776925881,True,,,,,,,,,
0.456,0.447,20.0,4.0,43.0,4.0,5.0,14.0,15.0,home,,,True,True,0.894990160722932,True,,,,,,,,,
0.512,0.391,20.0,10.0,31.0,9.0,6.0,12.0,18.0,home,,,True,False,0.7993871884612226,False,,,,,,,,,
0.47,0.391,29.0,10.0,33.0,7.0,6.0,12.0,19.0,home,,,True,True,0.8364989122261718,True,,,,,,,,,
0.494,0.455,17.0,5.0,38.0,7.0,7.0,15.0,22.0,home,,,True,True,0.8439642075068917,True,,,,,,,,,
0.416,0.167,32.0,8.0,28.0,10.0,3.0,18.0,26.0,home,,,False,False,0.2750029518571591,True,,,,,,,,,
0.518,0.308,37.0,11.0,24.0,12.0,4.0,14.0,27.0,home,,,True,False,0.6762931925058921,False,,,,,,,,,
0.423,0.429,23.0,10.0,34.0,9.0,10.0,16.0,24.0,home,,,True,True,0.799802169074299,True,,,,,,,,,
0.427,0.071,20.0,7.0,27.0,9.0,3.0,13.0,19.0,home,,,False,False,0.16783466907424835,True,,,,,,,,,
0.595,0.231,17.0,7.0,25.0,9.0,5.0,16.0,25.0,home,,,False,False,0.2961527115781316,True,,,,,,,,,
0.476,0.167,19.0,14.0,32.0,11.0,10.0,8.0,19.0,home,,,True,True,0.8182173552036142,True,,,,,,,,,
0.52,0.4,13.0,13.0,35.0,9.0,8.0,14.0,15.0,home,,,True,False,0.8654956893492045,False,,,,,,,,,
0.453,0.4,32.0,10.0,25.0,11.0,2.0,15.0,18.0,home,,,True,True,0.6244098141285696,True,,,,,,,,,
0.467,0.188,30.0,13.0,34.0,10.0,3.0,9.0,19.0,home,,,True,True,0.8377613486190619,True,,,,,,,,,
0.507,0.526,32.0,7.0,31.0,6.0,5.0,14.0,22.0,home,,,True,True,0.831951441354789,True,,,,,,,,,
0.38,0.3,40.0,11.0,29.0,15.0,7.0,12.0,21.0,home,,,True,True,0.9018757917815976,True,,,,,,,,,
0.526,0.381,26.0,9.0,32.0,15.0,4.0,16.0,27.0,home,,,True,True,0.886399785331994,True,,,,,,,,,
0.352,0.35,23.0,13.0,38.0,9.0,6.0,16.0,14.0,home,,,True,True,0.8107904743245856,True,,,,,,,,,
0.427,0.167,12.0,18.0,28.0,14.0,5.0,22.0,22.0,home,,,False,False,0.20936822717182052,True,,,,,,,,,
0.429,0.4,23.0,9.0,23.0,5.0,4.0,11.0,19.0,home,,,False,False,0.2471494255026574,True,,,,,,,,,
0.526,0.333,38.0,5.0,35.0,13.0,2.0,18.0,24.0,home,,,True,True,0.9202490337555395,True,,,,,,,,,
0.398,0.316,34.0,9.0,27.0,4.0,1.0,8.0,16.0,home,,,False,False,0.431116319498054,True,,,,,,,,,
0.49,0.438,25.0,21.0,29.0,9.0,4.0,12.0,21.0,home,,,True,True,0.7840338865258749,True,,,,,,,,,
0.448,0.25,37.0,15.0,44.0,3.0,10.0,15.0,24.0,home,,,True,True,0.9218153124853814,True,,,,,,,,,
0.526,0.4,19.0,9.0,28.0,6.0,8.0,15.0,16.0,home,,,True,True,0.5813222589642943,True,,,,,,,,,
0.536,0.412,17.0,11.0,32.0,12.0,5.0,15.0,14.0,home,,,True,True,0.8743090212708461,True,,,,,,,,,
0.42,0.444,11.0,13.0,27.0,11.0,5.0,14.0,17.0,home,,,False,True,0.4915189158166175,False,,,,,,,,,
0.425,0.261,39.0,12.0,34.0,12.0,5.0,16.0,16.0,home,,,True,True,0.901337279847152,True,,,,,,,,,
0.439,0.263,21.0,9.0,36.0,6.0,5.0,15.0,23.0,home,,,True,False,0.5336712098306473,False,,,,,,,,,
0.554,0.489,23.0,11.0,30.0,7.0,0.0,18.0,18.0,home,,,True,True,0.6343790327580189,True,,,,,,,,,
0.485,0.323,21.0,12.0,27.0,8.0,6.0,7.0,27.0,home,,,True,True,0.5694308778132264,True,,,,,,,,,
0.432,0.225,23.0,8.0,30.0,9.0,3.0,6.0,16.0,home,,,True,True,0.6552394356376714,True,,,,,,,,,
0.298,0.152,29.0,14.0,29.0,10.0,2.0,18.0,22.0,home,,,False,False,0.17269621184788306,True,,,,,,,,,
0.44,0.413,18.0,14.0,44.0,5.0,4.0,16.0,25.0,home,,,True,False,0.8241749781792908,False,,,,,,,,,
0.392,0.25,25.0,7.0,30.0,6.0,3.0,13.0,22.0,home,,,False,False,0.28384929227636874,True,,,,,,,,,
0.494,0.432,27.0,4.0,34.0,9.0,6.0,10.0,24.0,home,,,True,True,0.903208219185357,True,,,,,,,,,
0.375,0.296,20.0,12.0,27.0,5.0,3.0,3.0,20.0,home,,,False,True,0.34474259275450714,False,,,,,,,,,
0.5,0.364,32.0,14.0,40.0,6.0,5.0,13.0,18.0,home,,,True,True,0.9433930459580645,True,,,,,,,,,
0.527,0.429,30.0,8.0,36.0,9.0,5.0,20.0,21.0,home,,,True,True,0.8839295896265055,True,,,,,,,,,
0.481,0.483,17.0,8.0,37.0,2.0,4.0,17.0,23.0,home,,,True,False,0.5421217560440028,False,,,,,,,,,
0.45,0.325,10.0,16.0,36.0,11.0,16.0,18.0,16.0,home,,,True,True,0.8572271982704118,True,,,,,,,,,
0.505,0.375,12.0,6.0,37.0,13.0,2.0,14.0,21.0,home,,,True,True,0.8512541022721667,True,,,,,,,,,
0.35,0.214,12.0,18.0,49.0,11.0,9.0,18.0,24.0,home,,,True,True,0.8912496646320904,True,,,,,,,,,
0.506,0.41,23.0,13.0,33.0,5.0,3.0,14.0,25.0,home,,,True,True,0.6171547701266413,True,,,,,,,,,
0.449,0.4,47.0,10.0,26.0,10.0,3.0,13.0,18.0,home,,,True,True,0.8484262389546099,True,,,,,,,,,
0.41,0.348,23.0,15.0,39.0,4.0,4.0,13.0,19.0,home,,,True,False,0.7274588240827468,False,,,,,,,,,
0.427,0.321,24.0,14.0,34.0,15.0,5.0,12.0,24.0,home,,,True,True,0.8955003178934806,True,,,,,,,,,
0.5,0.625,24.0,8.0,25.0,9.0,6.0,11.0,21.0,home,,,True,True,0.81027083351078,True,,,,,,,,,
0.438,0.32,33.0,8.0,29.0,10.0,1.0,18.0,17.0,home,,,True,False,0.564418119359212,False,,,,,,,,,
0.341,0.333,37.0,16.0,36.0,12.0,1.0,18.0,27.0,home,,,True,True,0.7718719484202428,True,,,,,,,,,
0.44,0.35,42.0,11.0,23.0,8.0,4.0,11.0,21.0,home,,,True,False,0.6093044386933456,False,,,,,,,,,
0.41,0.292,31.0,15.0,26.0,15.0,5.0,13.0,24.0,home,,,True,True,0.716665054126499,True,,,,,,,,,
0.391,0.286,34.0,11.0,27.0,9.0,9.0,21.0,30.0,home,,,False,True,0.3209771590250949,False,,,,,,,,,
0.424,0.2,27.0,7.0,31.0,6.0,9.0,21.0,16.0,home,,,False,False,0.34221753571036073,True,,,,,,,,,
0.506,0.357,32.0,11.0,28.0,11.0,6.0,15.0,19.0,home,,,True,True,0.8157857007549756,True,,,,,,,,,
0.41,0.4,30.0,13.0,30.0,6.0,6.0,8.0,28.0,home,,,True,True,0.6759241314222805,True,,,,,,,,,
0.468,0.326,20.0,14.0,31.0,9.0,2.0,9.0,18.0,home,,,True,True,0.7033934052145181,True,,,,,,,,,
0.433,0.304,13.0,8.0,30.0,8.0,3.0,14.0,20.0,home,,,False,False,0.2994653073801489,True,,,,,,,,,
0.474,0.364,21.0,7.0,27.0,4.0,3.0,9.0,22.0,home,,,False,False,0.336237417429309,True,,,,,,,,,
0.563,0.436,21.0,10.0,35.0,7.0,5.0,13.0,20.0,home,,,True,True,0.8771425048951561,True,,,,,,,,,
0.404,0.2,16.0,11.0,34.0,4.0,2.0,8.0,14.0,home,,,False,False,0.3855182062445226,True,,,,,,,,,
0.398,0.317,30.0,18.0,45.0,10.0,5.0,17.0,19.0,home,,,True,True,0.9556612551134692,True,,,,,,,,,
0.458,0.4,13.0,4.0,35.0,13.0,4.0,12.0,12.0,home,,,True,False,0.8865047350615646,False,,,,,,,,,
0.405,0.409,22.0,8.0,28.0,8.0,5.0,10.0,16.0,home,,,True,False,0.60521562160913,False,,,,,,,,,
0.423,0.375,24.0,9.0,29.0,9.0,2.0,10.0,16.0,home,,,True,False,0.6499427479347345,False,,,,,,,,,
0.475,0.3,39.0,12.0,34.0,8.0,1.0,15.0,21.0,home,,,True,False,0.8106834156535861,False,,,,,,,,,
0.403,0.385,23.0,11.0,25.0,3.0,2.0,16.0,18.0,home,,,False,False,0.12181451462673461,True,,,,,,,,,
0.517,0.432,15.0,15.0,36.0,4.0,7.0,14.0,15.0,home,,,True,True,0.7860768722377504,True,,,,,,,,,
,,,,,,,,,away,,,True,True,0.5557259394434014,True,0.519,0.333,18.0,10.0,26.0,10.0,7.0,8.0,19.0
,,,,,,,,,away,,,False,False,0.21386444666984764,True,0.56,0.545,16.0,8.0,18.0,7.0,5.0,12.0,16.0
,,,,,,,,,away,,,False,False,0.4815616289655907,True,0.391,0.333,25.0,13.0,33.0,4.0,2.0,11.0,23.0
,,,,,,,,,away,,,False,False,0.3387885442343926,True,0.436,0.5,18.0,12.0,27.0,8.0,2.0,15.0,22.0
,,,,,,,,,away,,,True,True,0.8302514745832029,True,0.489,0.468,16.0,8.0,36.0,10.0,8.0,15.0,16.0
,,,,,,,,,away,,,False,False,0.4062303379169333,True,0.418,0.5,7.0,14.0,28.0,11.0,2.0,13.0,21.0
,,,,,,,,,away,,,True,True,0.5513600523017756,True,0.455,0.467,20.0,7.0,24.0,12.0,6.0,9.0,21.0
,,,,,,,,,away,,,False,False,0.12715761251358706,True,0.465,0.333,19.0,9.0,27.0,11.0,1.0,21.0,29.0
,,,,,,,,,away,,,True,True,0.7609322837684661,True,0.451,0.263,14.0,9.0,40.0,9.0,7.0,13.0,20.0
,,,,,,,,,away,,,False,False,0.2046369778454028,True,0.468,0.364,22.0,7.0,27.0,7.0,4.0,14.0,29.0
,,,,,,,,,away,,,False,False,0.09892428941580876,True,0.481,0.389,14.0,9.0,32.0,3.0,4.0,20.0,29.0
,,,,,,,,,away,,,False,False,0.2349554322345879,True,0.365,0.333,41.0,12.0,27.0,11.0,6.0,21.0,27.0
,,,,,,,,,away,,,False,False,0.25096434282252517,True,0.435,0.275,23.0,13.0,31.0,3.0,12.0,11.0,21.0
,,,,,,,,,away,,,False,True,0.48057564267514813,False,0.423,0.321,30.0,8.0,30.0,9.0,2.0,14.0,26.0
,,,,,,,,,away,,,False,False,0.19980028737231023,True,0.349,0.194,27.0,16.0,36.0,5.0,8.0,18.0,25.0
,,,,,,,,,away,,,False,True,0.2828483535130204,False,0.417,0.276,27.0,17.0,32.0,7.0,3.0,19.0,23.0
,,,,,,,,,away,,,True,True,0.954324695010227,True,0.542,0.56,27.0,7.0,39.0,9.0,3.0,18.0,19.0
,,,,,,,,,away,,,True,True,0.77040788709183,True,0.478,0.487,14.0,8.0,37.0,6.0,3.0,14.0,19.0
,,,,,,,,,away,,,False,True,0.36665031329746495,False,0.486,0.3,28.0,13.0,37.0,2.0,1.0,21.0,25.0
,,,,,,,,,away,,,True,True,0.6441438336181052,True,0.42,0.261,26.0,11.0,30.0,11.0,5.0,12.0,14.0
,,,,,,,,,away,,,False,False,0.15195432179788454,True,0.395,0.286,21.0,10.0,23.0,6.0,1.0,9.0,19.0
,,,,,,,,,away,,,True,False,0.5621481849766433,False,0.43,0.4,29.0,10.0,30.0,8.0,7.0,13.0,22.0
,,,,,,,,,away,,,False,True,0.27320688915763247,False,0.443,0.143,22.0,10.0,29.0,9.0,3.0,13.0,20.0
,,,,,,,,,away,,,True,False,0.7347297200421223,False,0.477,0.431,16.0,5.0,35.0,2.0,2.0,8.0,17.0
,,,,,,,,,away,,,True,True,0.7816367070261027,True,0.479,0.294,21.0,5.0,39.0,8.0,7.0,15.0,18.0
,,,,,,,,,away,,,True,True,0.8351267123755863,True,0.577,0.583,26.0,3.0,29.0,12.0,5.0,17.0,21.0
,,,,,,,,,away,,,True,True,0.7408208431269047,True,0.469,0.441,22.0,9.0,36.0,4.0,4.0,13.0,19.0
,,,,,,,,,away,,,False,False,0.1522297652926066,True,0.432,0.25,21.0,11.0,21.0,12.0,4.0,13.0,18.0
,,,,,,,,,away,,,False,False,0.32378967626311494,True,0.429,0.333,14.0,13.0,26.0,10.0,4.0,12.0,14.0
,,,,,,,,,away,,,True,False,0.6248501788415717,False,0.418,0.273,20.0,8.0,37.0,4.0,5.0,11.0,16.0
,,,,,,,,,away,,,True,True,0.9239266899507939,True,0.415,0.5,13.0,6.0,38.0,6.0,6.0,4.0,17.0
,,,,,,,,,away,,,False,False,0.3691357811884495,True,0.413,0.344,26.0,6.0,36.0,4.0,10.0,15.0,28.0
,,,,,,,,,away,,,True,True,0.7515604164343721,True,0.418,0.367,18.0,9.0,41.0,4.0,4.0,14.0,18.0
,,,,,,,,,away,,,True,True,0.5029346530213181,True,0.514,0.333,22.0,9.0,31.0,9.0,6.0,15.0,24.0
,,,,,,,,,away,,,False,False,0.15781814371612418,True,0.407,0.308,19.0,9.0,31.0,6.0,3.0,16.0,28.0
,,,,,,,,,away,,,False,True,0.4332763736840969,False,0.438,0.45,21.0,11.0,28.0,8.0,5.0,12.0,24.0
,,,,,,,,,away,,,True,True,0.9901312059011166,True,0.538,0.512,15.0,13.0,41.0,10.0,4.0,7.0,14.0
,,,,,,,,,away,,,False,False,0.15364402174219424,True,0.405,0.357,30.0,13.0,25.0,6.0,6.0,16.0,21.0
,,,,,,,,,away,,,False,False,0.47910754813877765,True,0.407,0.32,18.0,14.0,35.0,6.0,6.0,13.0,21.0
,,,,,,,,,away,,,True,True,0.6251543427290167,True,0.513,0.474,25.0,7.0,30.0,6.0,5.0,13.0,22.0
,,,,,,,,,away,,,False,True,0.35938658341928204,False,0.575,0.5,24.0,8.0,23.0,4.0,2.0,10.0,28.0
,,,,,,,,,away,,,True,True,0.5101667205745052,True,0.446,0.5,23.0,11.0,34.0,8.0,5.0,20.0,26.0
,,,,,,,,,away,,,True,True,0.5806841055527623,True,0.457,0.435,16.0,10.0,33.0,9.0,4.0,13.0,28.0
,,,,,,,,,away,,,False,False,0.038454473373355995,True,0.474,0.2,17.0,4.0,23.0,7.0,7.0,16.0,21.0
,,,,,,,,,away,,,True,True,0.7948373372218411,True,0.423,0.367,22.0,6.0,39.0,7.0,4.0,16.0,14.0
,,,,,,,,,away,,,True,True,0.7429516599964959,True,0.616,0.588,30.0,9.0,29.0,8.0,4.0,18.0,28.0
,,,,,,,,,away,,,True,True,0.5490467528978044,True,0.519,0.25,27.0,14.0,32.0,10.0,5.0,17.0,24.0
,,,,,,,,,away,,,True,True,0.733479407246635,True,0.475,0.358,10.0,14.0,32.0,8.0,4.0,7.0,15.0
,,,,,,,,,away,,,True,True,0.6094632345290287,True,0.5,0.308,29.0,6.0,31.0,5.0,3.0,11.0,21.0
,,,,,,,,,away,,,True,True,0.887661103510146,True,0.443,0.44,19.0,15.0,36.0,14.0,2.0,17.0,17.0
,,,,,,,,,away,,,True,True,0.933420943293859,True,0.368,0.346,37.0,9.0,39.0,11.0,2.0,15.0,18.0
,,,,,,,,,away,,,False,False,0.13930856930460123,True,0.39,0.273,24.0,13.0,27.0,8.0,2.0,17.0,22.0
,,,,,,,,,away,,,True,False,0.7047592975748985,False,0.417,0.346,27.0,7.0,30.0,11.0,4.0,11.0,19.0
,,,,,,,,,away,,,True,True,0.7194491141418119,True,0.536,0.364,27.0,17.0,36.0,8.0,3.0,19.0,27.0
,,,,,,,,,away,,,False,False,0.2523539503183449,True,0.519,0.389,15.0,9.0,27.0,10.0,4.0,18.0,22.0
,,,,,,,,,away,,,True,True,0.8247324685484309,True,0.465,0.519,26.0,15.0,27.0,11.0,4.0,11.0,15.0
,,,,,,,,,away,,,False,False,0.22091417670262023,True,0.375,0.188,33.0,11.0,35.0,10.0,10.0,23.0,27.0
,,,,,,,,,away,,,False,False,0.32725199209073724,True,0.506,0.462,15.0,8.0,25.0,8.0,1.0,14.0,19.0
,,,,,,,,,away,,,False,False,0.38305783407183613,True,0.481,0.417,14.0,10.0,23.0,12.0,1.0,12.0,18.0
,,,,,,,,,away,,,True,True,0.6178468077224852,True,0.462,0.325,21.0,7.0,36.0,11.0,7.0,16.0,29.0
,,,,,,,,,away,,,False,True,0.37757856391651806,False,0.394,0.429,23.0,7.0,28.0,10.0,5.0,16.0,18.0
,,,,,,,,,away,,,False,False,0.11856291478622867,True,0.515,0.4,19.0,5.0,23.0,9.0,3.0,21.0,17.0
,,,,,,,,,away,,,True,False,0.529805366600054,False,0.404,0.405,16.0,15.0,39.0,6.0,6.0,19.0,20.0
,,,,,,,,,away,,,True,False,0.5327098434973385,False,0.385,0.308,53.0,17.0,33.0,5.0,0.0,18.0,36.0
,,,,,,,,,away,,,False,True,0.25560736666502243,False,0.455,0.368,23.0,4.0,24.0,13.0,2.0,15.0,29.0
,,,,,,,,,away,,,False,False,0.12866538369344663,True,0.425,0.389,43.0,17.0,21.0,11.0,6.0,24.0,24.0
,,,,,,,,,away,,,True,False,0.5402454265497162,False,0.366,0.409,14.0,21.0,36.0,8.0,1.0,17.0,19.0
,,,,,,,,,away,,,False,True,0.4424726643129081,False,0.402,0.3,32.0,11.0,24.0,11.0,6.0,8.0,25.0
,,,,,,,,,away,,,True,True,0.770294584092907,True,0.523,0.5,21.0,11.0,28.0,11.0,2.0,13.0,19.0
,,,,,,,,,away,,,True,True,0.8009444481993321,True,0.429,0.375,24.0,9.0,33.0,6.0,4.0,7.0,17.0
,,,,,,,,,away,,,False,False,0.277968082691959,True,0.4,0.273,26.0,19.0,21.0,14.0,3.0,11.0,23.0
,,,,,,,,,away,,,False,False,0.484046793845513,True,0.452,0.409,28.0,4.0,26.0,8.0,4.0,12.0,18.0
,,,,,,,,,away,,,True,False,0.5454084589021548,False,0.4,0.188,29.0,12.0,34.0,8.0,3.0,12.0,25.0
,,,,,,,,,away,,,True,False,0.5062287381797677,False,0.4,0.293,20.0,11.0,33.0,9.0,0.0,12.0,27.0
,,,,,,,,,away,,,False,False,0.479263356633274,True,0.386,0.341,26.0,11.0,30.0,6.0,2.0,13.0,13.0
,,,,,,,,,away,,,True,True,0.6074812225094821,True,0.526,0.455,26.0,9.0,23.0,10.0,3.0,11.0,18.0
,,,,,,,,,away,,,False,True,0.3455062716293512,False,0.528,0.1,27.0,9.0,35.0,3.0,5.0,13.0,28.0
,,,,,,,,,away,,,False,False,0.40761516651678603,True,0.414,0.345,25.0,16.0,27.0,6.0,3.0,9.0,21.0
,,,,,,,,,away,,,False,False,0.24375957147979363,True,0.419,0.333,27.0,7.0,26.0,10.0,6.0,15.0,24.0
,,,,,,,,,away,,,False,False,0.4138107352778932,True,0.444,0.391,45.0,15.0,25.0,10.0,0.0,18.0,33.0
,,,,,,,,,away,,,True,False,0.6077470184568824,False,0.516,0.359,22.0,5.0,25.0,9.0,3.0,6.0,22.0
,,,,,,,,,away,,,True,True,0.7626222946926874,True,0.405,0.3,30.0,8.0,36.0,7.0,5.0,11.0,22.0
,,,,,,,,,away,,,True,False,0.5164465581404716,False,0.447,0.167,33.0,15.0,32.0,10.0,3.0,18.0,18.0
,,,,,,,,,away,,,False,False,0.32252049317370174,True,0.424,0.353,23.0,15.0,28.0,10.0,4.0,17.0,20.0
,,,,,,,,,away,,,True,False,0.5711198175832334,False,0.341,0.211,25.0,12.0,36.0,8.0,6.0,13.0,16.0
,,,,,,,,,away,,,False,True,0.4916202190993395,False,0.408,0.5,22.0,16.0,29.0,11.0,4.0,18.0,20.0
,,,,,,,,,away,,,False,False,0.49882503700956565,True,0.441,0.321,21.0,16.0,32.0,11.0,7.0,19.0,14.0
,,,,,,,,,away,,,False,False,0.13853798474929535,True,0.438,0.478,24.0,12.0,25.0,5.0,6.0,16.0,26.0
,,,,,,,,,away,,,True,True,0.8777632917405928,True,0.489,0.459,22.0,8.0,34.0,11.0,6.0,13.0,18.0
,,,,,,,,,away,,,False,False,0.10707979134029957,True,0.452,0.222,25.0,8.0,30.0,5.0,6.0,22.0,15.0
,,,,,,,,,away,,,True,True,0.8128086625959599,True,0.517,0.4,25.0,9.0,40.0,4.0,5.0,16.0,23.0
,,,,,,,,,away,,,False,False,0.24339060921348743,True,0.372,0.55,14.0,10.0,34.0,1.0,5.0,17.0,19.0
,,,,,,,,,away,,,False,True,0.4164271274330816,False,0.443,0.261,26.0,9.0,34.0,7.0,5.0,17.0,22.0
,,,,,,,,,away,,,False,False,0.3301833025817005,True,0.435,0.303,27.0,14.0,31.0,7.0,4.0,16.0,26.0
,,,,,,,,,away,,,True,False,0.5144796208836578,False,0.359,0.269,18.0,9.0,33.0,9.0,2.0,10.0,21.0
,,,,,,,,,away,,,False,False,0.04319615529089789,True,0.35,0.0,18.0,8.0,27.0,6.0,8.0,12.0,14.0
,,,,,,,,,away,,,False,True,0.4174964956553686,False,0.377,0.32,29.0,10.0,27.0,10.0,3.0,10.0,27.0
,,,,,,,,,away,,,True,True,0.7608849121553924,True,0.419,0.35,22.0,10.0,37.0,10.0,3.0,13.0,28.0
,,,,,,,,,away,,,False,False,0.09655004832534152,True,0.462,0.5,20.0,11.0,16.0,7.0,2.0,11.0,22.0
,,,,,,,,,away,,,False,True,0.3637160014893504,False,0.425,0.435,17.0,8.0,33.0,9.0,7.0,18.0,25.0
,,,,,,,,,away,,,True,False,0.724635711543965,False,0.357,0.2,22.0,15.0,36.0,11.0,3.0,11.0,19.0
,,,,,,,,,away,,,False,False,0.2914829216151443,True,0.405,0.314,18.0,7.0,30.0,5.0,3.0,11.0,19.0
,,,,,,,,,away,,,False,False,0.12040760415993394,True,0.479,0.333,23.0,9.0,29.0,12.0,5.0,26.0,30.0
,,,,,,,,,away,,,True,True,0.725964012639665,True,0.515,0.462,26.0,20.0,31.0,7.0,6.0,15.0,18.0
,,,,,,,,,away,,,True,True,0.5996121078180283,True,0.439,0.294,45.0,6.0,27.0,13.0,5.0,16.0,27.0
,,,,,,,,,away,,,True,False,0.6911523836365127,False,0.5,0.588,31.0,10.0,34.0,6.0,2.0,19.0,33.0
,,,,,,,,,away,,,True,False,0.6337905541100406,False,0.493,0.381,27.0,4.0,31.0,10.0,4.0,16.0,22.0
,,,,,,,,,away,,,False,False,0.2685835383106982,True,0.411,0.333,39.0,9.0,27.0,3.0,1.0,13.0,27.0
,,,,,,,,,away,,,True,True,0.7125189219462228,True,0.488,0.333,12.0,12.0,41.0,7.0,4.0,20.0,13.0
,,,,,,,,,away,,,True,True,0.7557807440649611,True,0.417,0.308,41.0,9.0,30.0,7.0,6.0,10.0,17.0
,,,,,,,,,away,,,False,False,0.34326336475770486,True,0.39,0.0,13.0,7.0,34.0,9.0,3.0,6.0,24.0
,,,,,,,,,away,,,False,False,0.22838668081748462,True,0.426,0.182,27.0,8.0,29.0,12.0,1.0,18.0,28.0
,,,,,,,,,away,,,True,True,0.5647039130188801,True,0.417,0.389,30.0,8.0,26.0,8.0,0.0,11.0,16.0
,,,,,,,,,away,,,True,True,0.9569879353595733,True,0.561,0.556,22.0,7.0,44.0,2.0,10.0,11.0,25.0
,,,,,,,,,away,,,True,True,0.8047050573317764,True,0.537,0.5,35.0,7.0,34.0,8.0,8.0,18.0,27.0
,,,,,,,,,away,,,True,False,0.7922718747781796,False,0.453,0.333,29.0,11.0,34.0,9.0,3.0,13.0,21.0
,,,,,,,,,away,,,True,True,0.8677828769620762,True,0.427,0.348,28.0,14.0,37.0,15.0,4.0,16.0,30.0
,,,,,,,,,away,,,True,False,0.5081760925716977,False,0.407,0.306,23.0,10.0,31.0,10.0,8.0,12.0,21.0
,,,,,,,,,away,,,False,False,0.3187506855624018,True,0.392,0.182,17.0,16.0,31.0,11.0,1.0,15.0,19.0
,,,,,,,,,away,,,True,False,0.7253701357330277,False,0.538,0.462,37.0,7.0,29.0,10.0,3.0,19.0,23.0
,,,,,,,,,away,,,False,False,0.2875913939418268,True,0.404,0.353,17.0,9.0,28.0,5.0,8.0,11.0,10.0
,,,,,,,,,away,,,False,False,0.22978616897150053,True,0.467,0.316,15.0,7.0,26.0,10.0,2.0,13.0,24.0
,,,,,,,,,away,,,False,False,0.2159186344742025,True,0.342,0.111,23.0,8.0,32.0,13.0,4.0,19.0,19.0
,,,,,,,,,away,,,False,True,0.3973567541654794,False,0.525,0.5,21.0,11.0,25.0,6.0,7.0,12.0,21.0
,,,,,,,,,away,,,True,True,0.8162115936408539,True,0.448,0.212,23.0,10.0,42.0,4.0,7.0,11.0,18.0
,,,,,,,,,away,,,False,False,0.26954702075945774,True,0.554,0.333,22.0,11.0,33.0,4.0,2.0,21.0,26.0
,,,,,,,,,away,,,False,True,0.0973816923877854,False,0.467,0.0,25.0,14.0,26.0,7.0,3.0,11.0,27.0
,,,,,,,,,away,,,True,True,0.6687341659473778,True,0.482,0.435,17.0,11.0,35.0,6.0,3.0,17.0,13.0
,,,,,,,,,away,,,True,True,0.7048585324377121,True,0.407,0.324,38.0,8.0,33.0,7.0,5.0,13.0,22.0
,,,,,,,,,away,,,True,True,0.9592449959041005,True,0.485,0.356,13.0,11.0,42.0,14.0,3.0,13.0,20.0
,,,,,,,,,away,,,False,True,0.40374208827752284,False,0.495,0.412,11.0,18.0,27.0,14.0,4.0,15.0,27.0
,,,,,,,,,away,,,False,False,0.45061310701511426,True,0.488,0.522,13.0,9.0,33.0,10.0,3.0,23.0,20.0
,,,,,,,,,away,,,False,False,0.35335956393311807,True,0.477,0.357,13.0,9.0,33.0,8.0,3.0,18.0,21.0
,,,,,,,,,away,,,False,False,0.16919829197717143,True,0.473,0.462,18.0,6.0,26.0,7.0,4.0,15.0,30.0
,,,,,,,,,away,,,True,True,0.9224787496251583,True,0.453,0.333,27.0,9.0,40.0,8.0,3.0,14.0,14.0
,,,,,,,,,away,,,False,False,0.4410431388622055,True,0.489,0.324,20.0,9.0,31.0,5.0,8.0,12.0,17.0
,,,,,,,,,away,,,True,False,0.6764484163814224,False,0.464,0.462,23.0,13.0,36.0,7.0,8.0,16.0,26.0
,,,,,,,,,away,,,True,True,0.9478228411305979,True,0.379,0.32,30.0,12.0,35.0,15.0,3.0,8.0,21.0
,,,,,,,,,away,,,True,True,0.7722998316802182,True,0.397,0.455,34.0,12.0,28.0,15.0,0.0,18.0,17.0
,,,,,,,,,away,,,True,False,0.7240587549976196,False,0.407,0.259,23.0,5.0,35.0,12.0,6.0,13.0,19.0
,,,,,,,,,away,,,False,True,0.3477842227431914,False,0.459,0.375,17.0,5.0,31.0,6.0,8.0,15.0,15.0
,,,,,,,,,away,,,False,True,0.39288777594560576,False,0.579,0.667,15.0,10.0,27.0,6.0,1.0,19.0,26.0
,,,,,,,,,away,,,True,True,0.9582881267085038,True,0.519,0.455,28.0,7.0,37.0,6.0,6.0,7.0,19.0
,,,,,,,,,away,,,False,True,0.36940385048327273,False,0.392,0.375,17.0,6.0,34.0,9.0,6.0,17.0,23.0
,,,,,,,,,away,,,True,False,0.7933981240199026,False,0.488,0.31,26.0,7.0,35.0,5.0,4.0,9.0,20.0
,,,,,,,,,away,,,True,True,0.8242322905654764,True,0.402,0.378,31.0,17.0,39.0,6.0,6.0,16.0,18.0
,,,,,,,,,away,,,False,True,0.46628433583374757,False,0.425,0.533,30.0,13.0,33.0,5.0,6.0,18.0,30.0
,,,,,,,,,away,,,False,True,0.4238804183271955,False,0.398,0.278,17.0,11.0,30.0,8.0,2.0,7.0,26.0
,,,,,,,,,away,,,False,False,0.41476219583894713,True,0.307,0.095,25.0,12.0,39.0,11.0,4.0,17.0,26.0
,,,,,,,,,away,,,False,False,0.2576597201831634,True,0.472,0.25,21.0,6.0,32.0,8.0,1.0,19.0,24.0
,,,,,,,,,away,,,True,False,0.5464517678708347,False,0.407,0.297,34.0,14.0,34.0,8.0,5.0,16.0,28.0
,,,,,,,,,away,,,True,True,0.9223023079273536,True,0.455,0.238,38.0,3.0,31.0,13.0,1.0,9.0,15.0
,,,,,,,,,away,,,True,False,0.8393047558126994,False,0.442,0.333,37.0,8.0,26.0,13.0,1.0,7.0,23.0
,,,,,,,,,away,,,True,True,0.5980511207532214,True,0.548,0.182,16.0,8.0,35.0,6.0,4.0,11.0,20.0
,,,,,,,,,away,,,False,False,0.192593883977919,True,0.463,0.4,28.0,18.0,26.0,9.0,6.0,21.0,24.0
,,,,,,,,,away,,,False,True,0.4058699883769337,False,0.466,0.273,25.0,10.0,30.0,9.0,6.0,14.0,24.0
,,,,,,,,,away,,,True,False,0.818106986365257,False,0.418,0.419,27.0,8.0,30.0,9.0,1.0,8.0,18.0
,,,,,,,,,away,,,False,False,0.2785860772945334,True,0.422,0.333,23.0,12.0,25.0,7.0,3.0,11.0,18.0
,,,,,,,,,away,,,True,False,0.6717752969261424,False,0.459,0.308,33.0,12.0,29.0,16.0,3.0,18.0,25.0
,,,,,,,,,away,,,False,False,0.2724650494523224,True,0.398,0.262,17.0,21.0,36.0,3.0,3.0,15.0,24.0
,,,,,,,,,away,,,False,True,0.26240688507983445,False,0.462,0.222,19.0,2.0,30.0,7.0,8.0,12.0,20.0
,,,,,,,,,away,,,True,True,0.6015884223512658,True,0.5,0.476,31.0,13.0,26.0,12.0,2.0,17.0,26.0
,,,,,,,,,away,,,False,False,0.12891074563719043,True,0.446,0.3,18.0,7.0,27.0,5.0,3.0,17.0,13.0
,,,,,,,,,away,,,False,False,0.41188322651511483,True,0.452,0.5,33.0,14.0,27.0,7.0,4.0,17.0,26.0
,,,,,,,,,away,,,True,True,0.9534985145828768,True,0.438,0.333,20.0,9.0,45.0,10.0,1.0,14.0,21.0
,,,,,,,,,away,,,False,False,0.22511891511988735,True,0.44,0.462,14.0,11.0,28.0,7.0,3.0,16.0,22.0
,,,,,,,,,away,,,True,True,0.8222070646185011,True,0.511,0.273,14.0,8.0,39.0,7.0,4.0,10.0,21.0
,,,,,,,,,away,,,False,False,0.08743617132865934,True,0.434,0.391,11.0,8.0,29.0,5.0,4.0,18.0,23.0
,,,,,,,,,away,,,True,True,0.9582989523085299,True,0.519,0.333,27.0,11.0,42.0,11.0,9.0,14.0,22.0
,,,,,,,,,away,,,True,True,0.9423602501889318,True,0.5,0.52,33.0,8.0,36.0,13.0,3.0,17.0,27.0
,,,,,,,,,away,,,False,False,0.16625463016299,True,0.366,0.19,32.0,10.0,27.0,11.0,3.0,16.0,29.0
,,,,,,,,,away,,,True,True,0.9388342289898266,True,0.533,0.409,23.0,11.0,32.0,9.0,3.0,6.0,15.0
,,,,,,,,,away,,,True,False,0.6451990367537018,False,0.435,0.5,24.0,11.0,34.0,6.0,2.0,16.0,23.0
,,,,,,,,,away,,,True,True,0.8544975516147915,True,0.47,0.436,21.0,5.0,45.0,8.0,4.0,23.0,22.0
,,,,,,,,,away,,,True,False,0.7377061797141112,False,0.372,0.579,18.0,11.0,31.0,10.0,2.0,10.0,25.0
,,,,,,,,,away,,,False,False,0.1824875647405871,True,0.329,0.19,27.0,8.0,30.0,13.0,4.0,20.0,22.0
,,,,,,,,,away,,,False,True,0.1722884518513443,False,0.529,0.357,37.0,7.0,25.0,5.0,6.0,17.0,33.0
,,,,,,,,,away,,,False,False,0.24496997470090381,True,0.548,0.389,22.0,5.0,29.0,4.0,4.0,18.0,22.0
,,,,,,,,,away,,,True,True,0.8653479913600901,True,0.545,0.375,13.0,14.0,42.0,5.0,2.0,15.0,20.0
,,,,,,,,,away,,,False,True,0.3399535886442147,False,0.526,0.278,38.0,10.0,25.0,6.0,1.0,13.0,30.0
,,,,,,,,,away,,,True,True,0.654006018115387,True,0.461,0.5,31.0,10.0,24.0,11.0,2.0,13.0,19.0
,,,,,,,,,away,,,False,False,0.3012212685798216,True,0.475,0.455,33.0,8.0,29.0,7.0,2.0,19.0,36.0
,,,,,,,,,away,,,True,True,0.7752761364293339,True,0.493,0.308,24.0,6.0,39.0,8.0,5.0,16.0,24.0
,,,,,,,,,away,,,True,True,0.5957986566975018,True,0.6,0.364,30.0,9.0,28.0,7.0,9.0,13.0,24.0
,,,,,,,,,away,,,False,True,0.41475277470358046,False,0.5,0.444,18.0,7.0,29.0,10.0,4.0,17.0,24.0
,,,,,,,,,away,,,True,False,0.609748032008829,False,0.506,0.281,18.0,8.0,33.0,9.0,6.0,12.0,22.0
,,,,,,,,,away,,,True,False,0.8554934862387916,False,0.376,0.351,40.0,14.0,40.0,6.0,6.0,14.0,28.0
,,,,,,,,,away,,,True,True,0.5693088608343413,True,0.457,0.5,17.0,5.0,36.0,3.0,3.0,17.0,16.0
,,,,,,,,,away,,,True,True,0.808224789947457,True,0.416,0.293,17.0,11.0,41.0,12.0,5.0,17.0,21.0
,,,,,,,,,away,,,True,False,0.6256451127421998,False,0.46,0.273,27.0,10.0,31.0,8.0,3.0,13.0,15.0
,,,,,,,,,away,,,False,False,0.14503922489739252,True,0.364,0.208,32.0,12.0,29.0,8.0,8.0,16.0,28.0
,,,,,,,,,away,,,True,True,0.8317901326219787,True,0.422,0.357,29.0,8.0,34.0,10.0,6.0,10.0,23.0
,,,,,,,,,away,,,False,False,0.15815200102644306,True,0.554,0.364,21.0,7.0,25.0,6.0,1.0,15.0,32.0
,,,,,,,,,away,,,True,False,0.5542766695775241,False,0.469,0.375,16.0,10.0,36.0,1.0,3.0,9.0,25.0
,,,,,,,,,away,,,False,False,0.48134517090363194,True,0.506,0.324,21.0,6.0,23.0,15.0,4.0,11.0,23.0
,,,,,,,,,away,,,False,False,0.28900276068572417,True,0.44,0.352,40.0,13.0,31.0,3.0,3.0,19.0,29.0
,,,,,,,,,away,,,True,True,0.7492123405259623,True,0.407,0.237,23.0,10.0,34.0,12.0,5.0,12.0,16.0
,,,,,,,,,away,,,False,False,0.4479397941465227,True,0.453,0.414,22.0,11.0,28.0,9.0,3.0,14.0,22.0
,,,,,,,,,away,,,True,False,0.5456872633834009,False,0.434,0.355,30.0,16.0,33.0,6.0,6.0,13.0,29.0
,,,,,,,,,away,,,True,False,0.6477495828029688,False,0.387,0.286,34.0,21.0,33.0,8.0,2.0,13.0,26.0
,,,,,,,,,away,,,True,True,0.6465385082786297,True,0.416,0.341,30.0,9.0,35.0,6.0,7.0,13.0,23.0
,,,,,,,,,away,,,True,True,0.6598890771571062,True,0.5,0.474,20.0,3.0,27.0,7.0,3.0,8.0,18.0
,,,,,,,,,away,,,False,False,0.3160578677900651,True,0.417,0.211,15.0,10.0,31.0,7.0,2.0,10.0,21.0
,,,,,,,,,away,,,True,True,0.8363029590601126,True,0.407,0.394,23.0,11.0,36.0,13.0,5.0,14.0,24.0
,,,,,,,,,away,,,False,False,0.352677605939575,True,0.429,0.263,28.0,5.0,30.0,12.0,7.0,19.0,20.0
,,,,,,,,,away,,,True,False,0.6382311242917701,False,0.494,0.389,22.0,8.0,36.0,6.0,4.0,15.0,27.0
,,,,,,,,,away,,,True,True,0.5862808396398871,True,0.41,0.5,26.0,10.0,33.0,5.0,4.0,14.0,24.0
,,,,,,,,,away,,,True,False,0.5288637657374553,False,0.444,0.393,24.0,10.0,30.0,10.0,6.0,15.0,21.0
,,,,,,,,,away,,,False,True,0.48877644322654745,False,0.456,0.294,26.0,14.0,35.0,8.0,4.0,18.0,27.0
,,,,,,,,,away,,,True,True,0.8967204590329328,True,0.465,0.367,26.0,13.0,36.0,10.0,7.0,11.0,20.0
,,,,,,,,,away,,,True,True,0.925948013846905,True,0.453,0.412,25.0,8.0,46.0,4.0,8.0,13.0,26.0
,,,,,,,,,away,,,True,True,0.6776558728650862,True,0.575,0.6,39.0,10.0,22.0,9.0,4.0,15.0,26.0
,,,,,,,,,away,,,True,True,0.536319810575712,True,0.395,0.174,34.0,6.0,31.0,8.0,6.0,10.0,20.0
,,,,,,,,,away,,,False,False,0.20419901435335833,True,0.463,0.387,22.0,11.0,25.0,6.0,1.0,14.0,23.0
,,,,,,,,,away,,,True,True,0.9206039079731668,True,0.506,0.385,23.0,8.0,41.0,7.0,8.0,13.0,19.0
,,,,,,,,,away,,,True,False,0.6539963288028077,False,0.398,0.294,16.0,13.0,37.0,10.0,7.0,11.0,27.0
,,,,,,,,,away,,,True,False,0.7839818405259683,False,0.481,0.478,46.0,8.0,29.0,8.0,3.0,15.0,28.0
